time,tem,oxg,hum,carb,people,door,aircon
2018-01-05 16:00:03.0,20.00,20.90,61.70,53.60,0,0,0
2018-01-05 16:00:14.0,20.00,20.90,61.70,53.70,0,0,0
2018-01-05 16:00:25.0,20.00,20.90,61.80,53.80,0,0,0
2018-01-05 16:00:35.0,20.00,20.90,61.80,54.00,0,0,0
2018-01-05 16:00:46.0,20.00,20.90,61.90,54.30,0,0,0
2018-01-05 16:00:57.0,20.00,20.90,61.90,54.40,0,0,0
2018-01-05 16:01:07.0,20.00,20.90,61.90,54.50,0,0,0
2018-01-05 16:01:18.0,20.00,20.90,61.90,54.50,0,0,0
2018-01-05 16:01:29.0,20.00,20.90,61.90,54.40,0,0,0
2018-01-05 16:01:40.0,20.00,20.90,61.90,54.30,0,0,0
2018-01-05 16:01:51.0,20.00,20.90,61.90,54.50,0,0,0
2018-01-05 16:02:02.0,20.00,20.90,61.80,54.50,0,0,0
2018-01-05 16:02:12.0,20.00,20.90,61.80,54.70,0,0,0
2018-01-05 16:02:23.0,20.00,20.90,61.80,54.60,0,0,0
2018-01-05 16:02:33.0,20.00,20.90,61.80,54.50,0,0,0
2018-01-05 16:02:44.0,20.00,20.90,61.90,54.60,0,0,0
2018-01-05 16:02:55.0,20.00,20.90,62.00,55.00,0,0,0
2018-01-05 16:03:05.0,20.00,20.90,62.00,55.30,0,0,0
2018-01-05 16:03:16.0,20.00,20.90,62.00,55.50,0,0,0
2018-01-05 16:03:27.0,20.00,20.90,62.00,55.60,0,0,0
2018-01-05 16:03:38.0,19.90,20.90,62.00,55.60,0,0,0
2018-01-05 16:03:48.0,19.90,20.90,62.10,55.40,0,0,0
2018-01-05 16:03:59.0,19.90,20.90,62.10,55.40,0,0,0
2018-01-05 16:04:10.0,19.90,20.90,62.10,55.60,0,0,0
2018-01-05 16:04:20.0,19.90,20.90,62.20,55.50,0,0,0
2018-01-05 16:04:31.0,19.90,20.90,62.20,55.60,0,0,0
2018-01-05 16:04:42.0,19.90,20.90,62.20,55.60,0,0,0
2018-01-05 16:04:52.0,19.90,20.90,62.20,55.70,0,0,0
2018-01-05 16:05:03.0,19.90,20.90,62.20,55.70,0,1,0
2018-01-05 16:05:14.0,19.90,20.90,62.20,55.70,0,1,0
2018-01-05 16:05:25.0,19.90,20.90,62.30,55.60,0,1,0
2018-01-05 16:05:35.0,19.90,20.90,62.30,55.50,0,1,0
2018-01-05 16:05:46.0,19.90,20.90,62.30,55.30,0,1,0
2018-01-05 16:05:57.0,19.90,20.90,62.20,55.40,0,1,0
2018-01-05 16:06:07.0,19.90,20.90,62.20,55.60,0,1,0
2018-01-05 16:06:18.0,19.90,20.90,62.20,55.60,0,1,0
2018-01-05 16:06:29.0,19.90,20.90,62.20,55.60,0,1,0
2018-01-05 16:06:40.0,19.90,20.90,62.20,55.60,0,1,0
2018-01-05 16:06:50.0,19.90,20.90,62.20,55.80,0,1,0
2018-01-05 16:07:03.0,19.90,20.90,62.30,55.80,0,1,0
2018-01-05 16:07:14.0,19.90,20.90,62.20,55.70,0,1,0
2018-01-05 16:07:25.0,19.90,20.90,62.20,55.70,0,1,0
2018-01-05 16:07:36.0,19.90,20.90,62.20,55.70,0,1,0
2018-01-05 16:07:47.0,19.90,20.90,62.20,55.70,0,1,0
2018-01-05 16:07:57.0,19.90,20.90,62.20,55.70,0,1,0
2018-01-05 16:08:08.0,19.90,20.90,62.20,53.90,0,1,0
2018-01-05 16:08:19.0,19.90,20.90,62.30,52.80,0,1,0
2018-01-05 16:08:29.0,19.90,20.90,62.20,52.70,0,1,0
2018-01-05 16:08:40.0,19.90,20.90,62.30,52.70,0,1,0
2018-01-05 16:08:51.0,19.90,20.90,62.20,52.80,0,1,0
2018-01-05 16:09:02.0,19.90,20.90,62.20,52.90,0,1,0
2018-01-05 16:09:12.0,19.90,20.90,62.20,52.90,0,1,0
2018-01-05 16:09:23.0,19.80,20.90,62.20,53.00,0,1,0
2018-01-05 16:09:34.0,19.90,20.90,62.20,53.00,0,1,0
2018-01-05 16:09:44.0,19.80,20.90,62.20,53.00,0,1,0
2018-01-05 16:09:55.0,19.80,20.90,62.20,53.30,0,1,0
2018-01-05 16:10:06.0,19.80,20.90,62.20,53.20,0,1,0
2018-01-05 16:10:17.0,19.80,20.90,62.20,53.20,0,1,0
2018-01-05 16:10:27.0,19.80,20.90,62.20,52.90,0,1,0
2018-01-05 16:10:38.0,19.80,20.90,62.20,52.80,0,1,0
2018-01-05 16:10:49.0,19.80,20.90,62.20,53.00,0,1,0
2018-01-05 16:10:59.0,19.80,20.90,62.10,53.20,0,1,0
2018-01-05 16:11:10.0,19.80,20.90,62.00,53.20,0,0,1
2018-01-05 16:11:21.0,19.80,20.90,62.00,53.10,0,0,1
2018-01-05 16:11:32.0,19.80,20.90,62.10,52.70,0,0,1
2018-01-05 16:11:42.0,19.80,20.90,62.10,52.70,0,0,1
2018-01-05 16:11:53.0,19.80,20.90,62.00,52.80,0,0,1
2018-01-05 16:12:04.0,19.80,20.90,62.10,52.80,0,0,1
2018-01-05 16:12:14.0,19.80,20.90,62.10,52.70,0,0,1
2018-01-05 16:12:25.0,19.80,20.90,62.10,53.10,0,0,1
2018-01-05 16:12:36.0,19.80,20.90,62.10,53.20,0,0,1
2018-01-05 16:12:46.0,19.80,20.90,62.10,53.20,0,0,1
2018-01-05 16:12:57.0,19.80,20.90,62.10,53.20,0,0,1
2018-01-05 16:13:08.0,19.80,20.90,62.20,53.20,0,0,1
2018-01-05 16:13:19.0,19.80,20.90,62.20,53.20,0,0,1
2018-01-05 16:13:29.0,19.80,20.90,62.20,53.30,0,0,1
2018-01-05 16:13:40.0,19.80,20.90,62.20,53.60,0,0,1
2018-01-05 16:13:51.0,19.80,20.90,62.20,53.40,0,0,1
2018-01-05 16:14:01.0,19.80,20.90,62.20,53.20,0,0,1
2018-01-05 16:14:12.0,19.80,20.90,62.20,53.20,0,0,1
2018-01-05 16:14:23.0,19.80,20.90,62.20,53.30,0,0,1
2018-01-05 16:14:34.0,19.80,20.90,62.20,53.40,0,0,1
2018-01-05 16:14:44.0,19.80,20.90,62.20,53.30,0,0,1
2018-01-05 16:14:55.0,19.80,20.90,62.20,53.40,0,0,1
2018-01-05 16:15:06.0,19.80,20.90,62.20,53.40,0,1,1
2018-01-05 16:15:16.0,19.80,20.90,62.20,53.20,0,1,1
2018-01-05 16:15:27.0,19.80,20.90,62.20,53.10,0,1,1
2018-01-05 16:15:38.0,19.80,20.90,62.20,53.20,0,1,1
2018-01-05 16:15:48.0,19.80,20.90,62.20,53.20,0,1,1
2018-01-05 16:15:59.0,19.80,20.90,62.30,52.90,0,1,1
2018-01-05 16:16:12.0,19.80,20.90,62.30,52.80,0,1,1
2018-01-05 16:16:22.0,19.80,20.90,62.30,52.80,0,1,1
2018-01-05 16:16:33.0,19.80,20.90,62.30,53.10,0,1,1
2018-01-05 16:16:44.0,19.80,20.90,62.40,52.80,0,1,1
2018-01-05 16:16:54.0,19.80,20.90,62.30,52.90,0,1,1
2018-01-05 16:17:05.0,19.80,20.90,62.20,52.90,0,1,1
2018-01-05 16:17:16.0,19.80,20.90,62.20,52.70,0,1,1
2018-01-05 16:17:26.0,19.80,20.90,62.20,52.80,0,1,1
2018-01-05 16:17:37.0,19.80,20.90,62.20,52.80,0,1,1
2018-01-05 16:17:48.0,19.80,20.90,62.20,52.80,0,1,1
2018-01-05 16:17:58.0,19.80,20.90,62.20,52.80,0,1,1
2018-01-05 16:18:09.0,19.80,20.90,62.20,52.40,0,1,1
2018-01-05 16:18:20.0,19.80,20.90,62.20,52.50,0,1,1
2018-01-05 16:18:31.0,19.80,20.90,62.20,52.60,0,1,1
2018-01-05 16:18:41.0,19.80,20.90,62.20,52.60,0,1,1
2018-01-05 16:18:52.0,19.80,20.90,62.20,52.90,0,1,1
2018-01-05 16:19:03.0,19.80,20.90,62.10,53.00,0,1,1
2018-01-05 16:19:13.0,19.80,20.90,62.10,52.90,0,1,1
2018-01-05 16:19:24.0,19.80,20.90,62.10,52.70,0,1,1
2018-01-05 16:19:36.0,19.80,20.90,62.10,52.40,0,1,1
2018-01-05 16:19:45.0,19.80,20.90,62.00,52.50,0,1,1
2018-01-05 16:19:56.0,19.80,20.90,62.00,52.50,0,1,1
2018-01-05 16:20:07.0,19.80,20.90,62.00,52.60,1,1,1
2018-01-05 16:20:17.0,19.80,20.90,62.00,52.70,1,1,1
2018-01-05 16:20:28.0,19.80,20.90,62.00,52.70,1,1,1
2018-01-05 16:20:39.0,19.80,20.90,62.00,52.80,1,1,1
2018-01-05 16:20:49.0,19.80,20.90,62.00,52.90,1,1,1
2018-01-05 16:21:00.0,19.80,20.90,62.10,53.00,1,1,1
2018-01-05 16:21:11.0,19.80,20.90,62.20,52.80,1,1,1
2018-01-05 16:21:21.0,19.80,20.90,62.20,52.60,1,1,1
2018-01-05 16:21:32.0,19.80,20.90,62.20,52.50,1,1,1
2018-01-05 16:21:43.0,19.80,20.90,62.30,52.60,1,1,1
2018-01-05 16:21:53.0,19.80,20.90,62.30,52.70,1,1,1
2018-01-05 16:22:04.0,19.80,20.90,62.20,52.60,1,1,1
2018-01-05 16:22:15.0,19.80,20.90,62.20,52.80,1,1,1
2018-01-05 16:22:25.0,19.80,20.90,62.20,53.00,1,1,1
2018-01-05 16:22:36.0,19.80,20.90,62.20,52.90,1,1,1
2018-01-05 16:22:47.0,19.80,20.90,62.20,52.90,1,1,1
2018-01-05 16:22:58.0,19.80,20.90,62.20,52.70,1,1,1
2018-01-05 16:23:08.0,19.80,20.90,62.10,52.70,1,1,1
2018-01-05 16:23:19.0,19.80,20.90,62.10,52.50,1,1,1
2018-01-05 16:23:30.0,19.80,20.90,62.10,52.70,1,1,1
2018-01-05 16:23:40.0,19.80,20.90,62.10,52.90,1,1,1
2018-01-05 16:23:51.0,19.80,20.90,62.10,52.60,1,1,1
2018-01-05 16:24:02.0,19.80,20.90,62.10,52.80,1,1,1
2018-01-05 16:24:12.0,19.80,20.90,62.10,53.20,1,1,1
2018-01-05 16:24:23.0,19.80,20.90,62.00,53.40,1,1,1
2018-01-05 16:24:33.0,19.80,20.90,62.00,53.30,1,1,1
2018-01-05 16:24:44.0,19.80,20.90,62.00,53.10,1,1,1
2018-01-05 16:24:55.0,19.80,20.90,62.10,53.00,1,0,0
2018-01-05 16:25:05.0,19.80,20.90,62.00,53.00,1,0,0
2018-01-05 16:25:16.0,19.80,20.90,62.00,53.00,1,0,0
2018-01-05 16:25:27.0,19.90,20.90,61.90,53.00,1,0,0
2018-01-05 16:25:37.0,19.90,20.90,61.90,53.20,1,0,0
2018-01-05 16:25:48.0,19.80,20.90,61.90,52.90,1,0,0
2018-01-05 16:25:59.0,19.80,20.90,62.00,52.90,1,0,0
2018-01-05 16:26:09.0,19.80,20.90,62.00,53.10,1,0,0
2018-01-05 16:26:20.0,19.80,20.90,62.00,53.10,1,0,0
2018-01-05 16:26:32.0,19.90,20.90,62.00,53.30,1,0,0
2018-01-05 16:26:42.0,19.90,20.90,62.00,53.20,1,0,0
2018-01-05 16:26:53.0,19.90,20.90,62.00,53.00,1,0,0
2018-01-05 16:27:03.0,19.90,20.90,62.00,53.00,1,0,0
2018-01-05 16:27:14.0,19.90,20.90,62.00,53.10,1,0,0
2018-01-05 16:27:24.0,19.90,20.90,61.90,53.20,1,0,0
2018-01-05 16:27:35.0,19.90,20.90,62.00,53.30,1,0,0
2018-01-05 16:27:46.0,19.90,20.90,62.00,53.50,1,0,0
2018-01-05 16:27:56.0,19.90,20.90,62.00,53.60,1,0,0
2018-01-05 16:28:07.0,19.90,20.90,62.00,53.70,1,0,0
2018-01-05 16:28:18.0,19.90,20.90,62.00,53.80,1,0,0
2018-01-05 16:28:28.0,19.90,20.90,62.00,54.00,1,0,0
2018-01-05 16:28:39.0,19.90,20.90,62.00,53.90,1,0,0
2018-01-05 16:28:50.0,19.90,20.90,62.00,53.80,1,0,0
2018-01-05 16:29:02.0,19.90,20.90,62.00,54.20,1,0,0
2018-01-05 16:29:11.0,19.90,20.90,62.00,54.30,1,0,0
2018-01-05 16:29:22.0,19.90,20.90,62.00,54.30,1,0,0
2018-01-05 16:29:32.0,19.90,20.90,62.00,54.10,1,0,0
2018-01-05 16:29:43.0,19.90,20.90,62.00,54.20,1,0,0
2018-01-05 16:29:54.0,19.90,20.90,62.00,54.30,1,0,0
2018-01-05 16:40:02.0,20.00,20.90,61.30,56.40,2,0,1
2018-01-05 16:40:13.0,20.00,20.90,61.30,56.10,2,0,1
2018-01-05 16:40:23.0,19.90,20.90,61.20,56.00,2,0,1
2018-01-05 16:40:34.0,20.00,20.90,61.30,56.00,2,0,1
2018-01-05 16:40:44.0,19.90,20.90,61.30,56.10,2,0,1
2018-01-05 16:40:55.0,19.90,20.90,61.30,56.10,2,0,1
2018-01-05 16:41:06.0,19.90,20.90,61.30,56.20,2,0,1
2018-01-05 16:41:16.0,20.00,20.90,61.40,56.70,2,0,1
2018-01-05 16:41:27.0,20.00,20.90,61.50,56.60,2,0,1
2018-01-05 16:41:37.0,19.90,20.90,61.60,56.60,2,0,1
2018-01-05 16:41:48.0,20.00,20.90,61.60,56.50,2,0,1
2018-01-05 16:41:59.0,20.00,20.90,61.60,56.40,2,0,1
2018-01-05 16:42:09.0,20.00,20.90,61.60,56.70,2,0,1
2018-01-05 16:42:21.0,20.00,20.90,61.70,56.60,2,0,1
2018-01-05 16:42:31.0,20.00,20.90,61.70,56.50,2,0,1
2018-01-05 16:42:42.0,20.00,20.90,61.70,56.70,2,0,1
2018-01-05 16:42:53.0,20.00,20.90,61.70,56.80,2,0,1
2018-01-05 16:43:04.0,20.00,20.90,61.60,56.90,2,0,1
2018-01-05 16:43:13.0,20.00,20.90,61.60,57.30,2,0,1
2018-01-05 16:43:24.0,20.00,20.90,61.70,57.50,2,0,1
2018-01-05 16:43:34.0,20.00,20.90,61.70,57.20,2,0,1
2018-01-05 16:43:45.0,20.00,20.90,61.70,56.90,2,0,1
2018-01-05 16:43:56.0,20.00,20.90,61.70,57.10,2,0,1
2018-01-05 16:44:06.0,20.00,20.90,61.70,57.00,2,0,1
2018-01-05 16:44:18.0,20.00,20.90,61.70,57.00,2,0,1
2018-01-05 16:44:28.0,20.00,20.90,61.70,57.00,2,0,1
2018-01-05 16:44:38.0,20.00,20.90,61.70,57.10,2,0,1
2018-01-05 16:44:49.0,20.00,20.90,61.70,57.40,2,0,1
2018-01-05 16:44:59.0,20.00,20.90,61.70,57.60,2,0,1
2018-01-05 16:45:10.0,20.00,20.90,61.70,57.80,2,1,0
2018-01-05 16:45:21.0,20.00,20.90,61.70,57.90,2,1,0
2018-01-05 16:45:31.0,20.00,20.90,61.70,58.20,2,1,0
2018-01-05 16:45:42.0,20.00,20.90,61.80,58.10,2,1,0
2018-01-05 16:45:52.0,20.00,20.90,61.80,58.20,2,1,0
2018-01-05 16:46:03.0,20.00,20.90,61.80,58.20,2,1,0
2018-01-05 16:46:14.0,20.00,20.90,61.80,58.40,2,1,0
2018-01-05 16:46:24.0,20.00,20.90,61.80,58.70,2,1,0
2018-01-05 16:46:35.0,20.00,20.90,61.70,59.00,2,1,0
2018-01-05 16:46:45.0,20.00,20.90,61.70,59.30,2,1,0
2018-01-05 16:46:56.0,20.00,20.90,61.80,59.60,2,1,0
2018-01-05 16:47:07.0,20.00,20.90,61.70,59.50,2,1,0
2018-01-05 16:47:17.0,20.00,20.90,61.70,59.80,2,1,0
2018-01-05 16:47:28.0,20.00,20.90,61.60,59.70,2,1,0
2018-01-05 16:47:40.0,20.00,20.90,61.50,59.70,2,1,0
2018-01-05 16:47:50.0,20.00,20.90,61.50,59.80,2,1,0
2018-01-05 16:48:01.0,20.00,20.90,61.40,60.00,2,1,0
2018-01-05 16:48:11.0,20.00,20.90,61.50,59.90,2,1,0
2018-01-05 16:48:22.0,20.00,20.90,61.50,59.70,2,1,0
2018-01-05 16:48:33.0,20.00,20.90,61.40,59.30,2,1,0
2018-01-05 16:48:43.0,20.00,20.90,61.40,59.10,2,1,0
2018-01-05 16:48:54.0,20.00,20.90,61.30,59.00,2,1,0
2018-01-05 16:49:04.0,20.00,20.90,61.30,59.20,2,1,0
2018-01-05 16:49:15.0,20.00,20.90,61.30,59.30,2,1,0
2018-01-05 16:49:26.0,20.00,20.90,61.30,59.40,2,1,0
2018-01-05 16:49:37.0,20.00,20.90,61.30,59.60,2,1,0
2018-01-05 16:49:47.0,20.00,20.90,61.20,59.70,2,1,0
2018-01-05 16:49:58.0,20.00,20.90,61.20,59.80,2,1,0
2018-01-05 16:50:08.0,20.00,20.90,61.20,59.50,2,1,0
2018-01-05 16:50:20.0,20.00,20.90,61.20,59.50,2,1,0
2018-01-05 16:50:29.0,20.00,20.90,61.20,59.50,2,1,0
2018-01-05 16:50:41.0,20.00,20.90,61.20,59.60,2,1,0
2018-01-05 16:50:52.0,20.00,20.90,61.20,59.50,2,1,0
2018-01-05 16:51:01.0,20.00,20.90,61.20,59.50,2,1,0
2018-01-05 16:51:12.0,20.00,20.90,61.20,59.60,2,1,0
2018-01-05 16:51:23.0,20.00,20.90,61.20,59.80,2,1,0
2018-01-05 16:51:33.0,20.00,20.90,61.20,59.80,2,1,0
2018-01-05 16:51:44.0,20.00,20.90,61.20,59.60,2,1,0
2018-01-05 16:51:55.0,20.00,20.90,61.20,59.40,2,1,0
2018-01-05 16:52:05.0,20.00,20.90,61.20,59.40,2,1,0
2018-01-05 16:52:16.0,20.00,20.90,61.20,59.40,2,1,0
2018-01-05 16:52:28.0,20.00,20.90,61.20,59.40,2,1,0
2018-01-05 16:52:37.0,20.00,20.90,61.20,59.10,2,1,0
2018-01-05 16:52:48.0,20.00,20.90,61.30,59.30,2,1,0
2018-01-05 16:52:59.0,20.00,20.90,61.30,59.40,2,1,0
2018-01-05 16:53:09.0,20.00,20.90,61.20,59.40,2,1,0
2018-01-05 16:53:20.0,20.00,20.90,61.20,59.10,2,1,0
2018-01-05 16:53:31.0,20.00,20.90,61.20,59.40,2,1,0
2018-01-05 16:53:41.0,20.00,20.90,61.20,59.30,2,1,0
2018-01-05 16:53:52.0,20.00,20.90,61.20,59.50,2,1,0
2018-01-05 16:54:03.0,20.00,20.90,61.20,59.70,2,1,0
2018-01-05 16:54:13.0,20.00,20.90,61.10,59.70,2,1,0
2018-01-05 16:54:23.0,20.00,20.90,61.10,59.80,2,1,0
2018-01-05 16:54:35.0,20.00,20.90,61.10,59.40,2,1,0
2018-01-05 16:54:46.0,20.00,20.90,61.10,59.40,2,1,0
2018-01-05 16:54:55.0,20.00,20.90,61.10,59.50,2,1,1
2018-01-05 16:55:07.0,20.00,20.90,61.20,59.70,2,1,1
2018-01-05 16:55:17.0,20.00,20.90,61.20,59.60,2,1,1
2018-01-05 16:55:27.0,20.00,20.90,61.10,59.50,2,1,1
2018-01-05 16:55:39.0,20.00,20.90,61.10,59.70,2,1,1
2018-01-05 16:55:48.0,20.00,20.90,61.10,59.70,2,1,1
2018-01-05 16:55:59.0,20.00,20.90,61.10,59.60,2,1,1
2018-01-05 16:56:10.0,20.00,20.90,61.10,59.60,2,1,1
2018-01-05 16:56:20.0,20.00,20.90,61.20,59.90,2,1,1
2018-01-05 16:56:31.0,20.00,20.90,61.20,59.80,2,1,1
2018-01-05 16:56:42.0,20.00,20.90,61.30,59.90,2,1,1
2018-01-05 16:56:53.0,20.00,20.90,61.30,60.00,2,1,1
2018-01-05 16:57:03.0,20.00,20.90,61.30,59.90,2,1,1
2018-01-05 16:57:14.0,20.00,20.90,61.30,60.00,2,1,1
2018-01-05 16:57:24.0,20.00,20.90,61.20,60.30,2,1,1
2018-01-05 16:57:35.0,20.00,20.90,61.20,60.30,2,1,1
2018-01-05 16:57:46.0,20.00,20.90,61.30,60.20,2,1,1
2018-01-05 16:57:56.0,20.00,20.90,61.30,60.60,2,1,1
2018-01-05 16:58:08.0,20.00,20.90,61.20,60.90,2,1,1
2018-01-05 16:58:18.0,20.00,20.90,61.20,61.00,2,1,1
2018-01-05 16:58:28.0,20.00,20.90,61.30,61.00,2,1,1
2018-01-05 16:58:39.0,20.00,20.90,61.30,60.80,2,1,1
2018-01-05 16:58:49.0,20.00,20.90,61.30,60.90,2,1,1
2018-01-05 16:59:00.0,20.00,20.90,61.30,60.80,2,1,1
2018-01-05 16:59:11.0,20.00,20.90,61.30,60.80,2,1,1
2018-01-05 16:59:22.0,20.00,20.90,61.20,60.80,2,1,1
2018-01-05 16:59:32.0,20.00,20.90,61.20,61.00,2,1,1
2018-01-05 16:59:43.0,20.10,20.90,61.20,61.20,2,1,1
2018-01-05 16:59:54.0,20.00,20.90,61.20,61.30,2,1,1
2018-01-05 17:00:04.0,20.10,20.90,61.20,61.60,2,0,0
2018-01-05 17:00:15.0,20.10,20.90,61.20,61.60,2,0,0
2018-01-05 17:00:25.0,20.10,20.90,61.20,61.70,2,0,0
2018-01-05 17:00:36.0,20.10,20.90,61.20,61.70,2,0,0
2018-01-05 17:00:46.0,20.10,20.90,61.30,61.60,2,0,0
2018-01-05 17:00:58.0,20.10,20.90,61.30,61.50,2,0,0
2018-01-05 17:01:07.0,20.10,20.90,61.30,61.50,2,0,0
2018-01-05 17:01:18.0,20.10,20.90,61.30,61.30,2,0,0
2018-01-05 17:01:29.0,20.10,20.90,61.30,61.50,2,0,0
2018-01-05 17:01:39.0,20.10,20.90,61.30,61.70,2,0,0
2018-01-05 17:01:50.0,20.10,20.90,61.30,61.70,2,0,0
2018-01-05 17:02:01.0,20.10,20.90,61.30,61.90,2,0,0
2018-01-05 17:02:11.0,20.10,20.90,61.30,62.10,2,0,0
2018-01-05 17:02:22.0,20.10,20.90,61.40,62.20,2,0,0
2018-01-05 17:02:34.0,20.10,20.90,61.40,62.30,2,0,0
2018-01-05 17:02:43.0,20.10,20.90,61.40,62.60,2,0,0
2018-01-05 17:02:54.0,20.10,20.90,61.40,62.60,2,0,0
2018-01-05 17:03:05.0,20.10,20.90,61.30,62.60,2,0,0
2018-01-05 17:03:16.0,20.10,20.90,61.30,62.60,2,0,0
2018-01-05 17:03:26.0,20.10,20.90,61.40,62.70,2,0,0
2018-01-05 17:03:37.0,20.10,20.90,61.40,62.70,2,0,0
2018-01-05 17:03:47.0,20.10,20.90,61.40,62.60,2,0,0
2018-01-05 17:03:58.0,20.10,20.90,61.40,62.70,2,0,0
2018-01-05 17:04:09.0,20.10,20.90,61.40,62.90,2,0,0
2018-01-05 17:04:19.0,20.10,20.90,61.40,63.20,2,0,0
2018-01-05 17:04:29.0,20.10,20.90,61.40,63.40,2,0,0
2018-01-05 17:04:41.0,20.10,20.90,61.40,63.80,2,0,0
2018-01-05 17:04:51.0,20.10,20.90,61.30,63.50,2,0,0
2018-01-05 17:05:01.0,20.10,20.90,61.30,63.20,2,0,0
2018-01-05 17:05:13.0,20.10,20.90,61.40,63.30,2,0,0
2018-01-05 17:05:23.0,20.10,20.90,61.40,63.50,2,0,0
2018-01-05 17:05:33.0,20.10,20.90,61.40,63.70,2,0,0
2018-01-05 17:05:45.0,20.10,20.90,61.30,63.90,2,0,0
2018-01-05 17:05:54.0,20.10,20.90,61.30,64.10,2,0,0
2018-01-07 16:10:04.0,18.90,20.90,67.00,60.50,3,1,0
2018-01-07 16:10:15.0,18.90,20.90,67.00,60.80,3,1,0
2018-01-07 16:10:26.0,18.90,20.90,67.00,60.80,3,1,0
2018-01-07 16:10:36.0,18.90,20.90,66.90,60.70,3,1,0
2018-01-07 16:10:47.0,18.90,20.90,66.90,60.90,3,1,0
2018-01-07 16:10:58.0,18.90,20.90,67.00,61.00,3,1,0
2018-01-07 16:11:08.0,18.90,20.90,67.00,61.00,3,1,0
2018-01-07 16:11:19.0,18.90,20.90,67.00,61.00,3,1,0
2018-01-07 16:11:30.0,18.90,20.90,67.00,60.90,3,1,0
2018-01-07 16:11:41.0,18.90,20.90,67.00,61.00,3,1,0
2018-01-07 16:11:51.0,18.90,20.90,67.00,61.00,3,1,0
2018-01-07 16:12:02.0,18.90,20.90,66.90,61.10,3,1,0
2018-01-07 16:12:13.0,18.90,20.90,66.90,61.30,3,1,0
2018-01-07 16:12:23.0,18.90,20.90,66.90,61.20,3,1,0
2018-01-07 16:12:34.0,18.90,20.90,66.90,61.40,3,1,0
2018-01-07 16:12:45.0,18.90,20.90,66.90,61.40,3,1,0
2018-01-07 16:12:55.0,19.00,20.90,66.90,61.50,3,1,0
2018-01-07 16:13:06.0,18.90,20.90,66.90,61.80,3,1,0
2018-01-07 16:13:17.0,19.00,20.90,66.80,61.70,3,1,0
2018-01-07 16:13:27.0,19.00,20.90,66.80,61.70,3,1,0
2018-01-07 16:13:38.0,19.00,20.90,66.80,61.50,3,1,0
2018-01-07 16:13:49.0,19.00,20.90,66.80,61.60,3,1,0
2018-01-07 16:13:59.0,19.00,20.90,66.90,61.50,3,1,0
2018-01-07 16:14:10.0,19.00,20.90,66.80,61.50,3,1,0
2018-01-07 16:14:21.0,19.00,20.90,66.90,61.50,3,1,0
2018-01-07 16:14:32.0,19.00,20.90,66.90,61.80,3,1,0
2018-01-07 16:14:42.0,19.00,20.90,66.80,61.90,3,1,0
2018-01-07 16:14:53.0,19.00,20.90,66.80,61.90,3,1,0
2018-01-07 16:15:04.0,19.00,20.90,66.80,61.90,3,0,0
2018-01-07 16:15:15.0,19.00,20.90,66.80,62.00,3,0,0
2018-01-07 16:15:25.0,19.10,20.90,66.80,62.00,3,0,0
2018-01-07 16:15:36.0,19.10,20.90,66.80,62.00,3,0,0
2018-01-07 16:15:47.0,19.10,20.90,66.70,61.80,3,0,0
2018-01-07 16:15:57.0,19.10,20.90,66.60,62.10,3,0,0
2018-01-07 16:16:08.0,19.10,20.90,66.60,62.10,3,0,0
2018-01-07 16:16:19.0,19.10,20.90,66.60,62.20,3,0,0
2018-01-07 16:16:29.0,19.10,20.90,66.70,62.60,3,0,0
2018-01-07 16:16:40.0,19.10,20.90,66.70,62.50,3,0,0
2018-01-07 16:16:51.0,19.10,20.90,66.70,62.90,3,0,0
2018-01-07 16:17:02.0,19.10,20.90,66.70,63.00,3,0,0
2018-01-07 16:17:13.0,19.10,20.90,66.70,63.50,3,0,0
2018-01-07 16:17:23.0,19.10,20.90,66.80,63.90,3,0,0
2018-01-07 16:17:34.0,19.10,20.90,66.80,63.90,3,0,0
2018-01-07 16:17:45.0,19.10,20.90,66.80,63.70,3,0,0
2018-01-07 16:17:56.0,19.10,20.90,66.80,63.90,3,0,0
2018-01-07 16:18:06.0,19.10,20.90,66.80,64.00,3,0,0
2018-01-07 16:18:17.0,19.10,20.90,66.70,64.30,3,0,0
2018-01-07 16:18:28.0,19.10,20.90,66.70,64.80,3,0,0
2018-01-07 16:18:38.0,19.10,20.90,66.70,65.00,3,0,0
2018-01-07 16:18:49.0,19.10,20.90,66.70,65.20,3,0,0
2018-01-07 16:19:00.0,19.10,20.90,66.70,65.30,3,0,0
2018-01-07 16:19:10.0,19.10,20.90,66.70,65.70,3,0,0
2018-01-07 16:19:21.0,19.10,20.90,66.70,66.00,3,0,0
2018-01-07 16:19:32.0,19.10,20.90,66.60,66.30,3,0,0
2018-01-07 16:19:42.0,19.10,20.90,66.70,66.40,3,0,0
2018-01-07 16:19:53.0,19.10,20.90,66.70,66.30,3,0,0
2018-01-07 16:20:04.0,19.10,20.90,66.70,66.70,3,0,1
2018-01-07 16:20:14.0,19.10,20.90,66.60,67.10,3,0,1
2018-01-07 16:20:25.0,19.10,20.90,66.60,64.10,3,0,1
2018-01-07 16:20:36.0,19.10,20.90,66.60,64.20,3,0,1
2018-01-07 16:20:46.0,19.10,20.90,66.60,64.10,3,0,1
2018-01-07 16:20:57.0,19.10,20.90,66.50,64.20,3,0,1
2018-01-07 16:21:08.0,19.20,20.90,66.50,64.40,3,0,1
2018-01-07 16:21:19.0,19.20,20.90,66.50,64.70,3,0,1
2018-01-07 16:21:29.0,19.20,20.90,66.50,64.90,3,0,1
2018-01-07 16:21:40.0,19.20,20.90,66.50,65.20,3,0,1
2018-01-07 16:21:51.0,19.20,20.90,66.60,65.40,3,0,1
2018-01-07 16:22:01.0,19.20,20.90,66.60,65.80,3,0,1
2018-01-07 16:22:12.0,19.20,20.90,66.60,66.10,3,0,1
2018-01-07 16:22:23.0,19.20,20.90,66.60,66.40,3,0,1
2018-01-07 16:22:33.0,19.20,20.90,66.60,66.70,3,0,1
2018-01-07 16:22:44.0,19.20,20.90,66.60,66.80,3,0,1
2018-01-07 16:22:55.0,19.20,20.90,66.60,67.20,3,0,1
2018-01-07 16:23:05.0,19.20,20.90,66.60,67.70,3,0,1
2018-01-07 16:23:16.0,19.20,20.90,66.60,68.00,3,0,1
2018-01-07 16:23:27.0,19.20,20.90,66.50,68.10,3,0,1
2018-01-07 16:23:37.0,19.20,20.90,66.60,68.10,3,0,1
2018-01-07 16:23:48.0,19.30,20.90,66.60,68.50,3,0,1
2018-01-07 16:23:59.0,19.30,20.90,66.50,68.80,3,0,1
2018-01-07 16:24:09.0,19.30,20.90,66.50,69.20,3,0,1
2018-01-07 16:24:20.0,19.30,20.90,66.40,69.30,3,0,1
2018-01-07 16:24:31.0,19.30,20.90,66.40,69.40,3,0,1
2018-01-07 16:24:42.0,19.30,20.90,66.40,69.90,3,0,1
2018-01-07 16:24:53.0,19.30,20.90,66.40,70.10,3,0,1
2018-01-07 16:25:03.0,19.30,20.90,66.40,70.30,3,1,1
2018-01-07 16:25:14.0,19.30,20.90,66.40,70.30,3,1,1
2018-01-07 16:25:25.0,19.30,20.90,66.40,70.60,3,1,1
2018-01-07 16:25:35.0,19.30,20.90,66.30,71.20,3,1,1
2018-01-07 16:25:46.0,19.30,20.90,66.30,71.60,3,1,1
2018-01-07 16:25:57.0,19.30,20.90,66.30,71.70,3,1,1
2018-01-07 16:26:08.0,19.30,20.90,66.30,71.70,3,1,1
2018-01-07 16:26:19.0,19.40,20.90,66.20,72.10,3,1,1
2018-01-07 16:26:29.0,19.40,20.90,66.20,72.60,3,1,1
2018-01-07 16:26:40.0,19.40,20.90,66.20,73.10,3,1,1
2018-01-07 16:26:51.0,19.40,20.90,66.20,73.30,3,1,1
2018-01-07 16:27:02.0,19.40,20.90,66.20,73.70,3,1,1
2018-01-07 16:27:12.0,19.40,20.90,66.20,74.00,3,1,1
2018-01-07 16:27:23.0,19.40,20.90,66.20,74.10,3,1,1
2018-01-07 16:27:34.0,19.40,20.90,66.10,74.60,3,1,1
2018-01-07 16:27:44.0,19.40,20.90,66.10,74.60,3,1,1
2018-01-07 16:27:55.0,19.40,20.90,66.10,74.80,3,1,1
2018-01-07 16:28:06.0,19.40,20.90,66.00,74.80,3,1,1
2018-01-07 16:28:17.0,19.40,20.90,65.90,75.00,3,1,1
2018-01-07 16:28:27.0,19.40,20.90,65.90,75.00,3,1,1
2018-01-07 16:28:38.0,19.40,20.90,65.90,75.10,3,1,1
2018-01-07 16:28:49.0,19.40,20.90,65.80,74.80,3,1,1
2018-01-07 16:29:00.0,19.40,20.90,65.70,74.60,3,1,1
2018-01-07 16:29:10.0,19.40,20.90,65.70,74.60,3,1,1
2018-01-07 16:29:21.0,19.40,20.90,65.70,74.70,3,1,1
2018-01-07 16:29:32.0,19.40,20.90,65.60,74.70,3,1,1
2018-01-07 16:29:42.0,19.50,20.90,65.60,74.60,3,1,1
2018-01-07 16:29:53.0,19.50,20.90,65.60,74.60,3,1,1
2018-01-07 16:30:04.0,19.50,20.90,65.60,74.50,3,1,1
2018-01-07 16:30:15.0,19.50,20.90,65.60,74.40,3,1,1
2018-01-07 16:30:25.0,19.50,20.90,65.60,73.90,3,1,1
2018-01-07 16:30:36.0,19.50,20.90,65.50,73.90,3,1,1
2018-01-07 16:30:47.0,19.50,20.90,65.50,73.80,3,1,1
2018-01-07 16:30:58.0,19.50,20.90,65.50,73.60,3,1,1
2018-01-07 16:31:08.0,19.50,20.90,65.50,73.40,3,1,1
2018-01-07 16:31:19.0,19.50,20.90,65.40,73.30,3,1,1
2018-01-07 16:31:30.0,19.50,20.90,65.40,73.00,3,1,1
2018-01-07 16:31:41.0,19.50,20.90,65.40,72.80,3,1,1
2018-01-07 16:31:51.0,19.50,20.90,65.40,72.80,3,1,1
2018-01-07 16:40:08.0,19.60,20.90,64.70,70.90,4,0,0
2018-01-07 16:40:19.0,19.60,20.90,64.70,70.80,4,0,0
2018-01-07 16:40:29.0,19.60,20.90,64.70,71.00,4,0,0
2018-01-07 16:40:40.0,19.60,20.90,64.70,71.00,4,0,0
2018-01-07 16:40:51.0,19.60,20.90,64.70,70.90,4,0,0
2018-01-07 16:41:01.0,19.60,20.90,64.70,70.90,4,0,0
2018-01-07 16:41:12.0,19.60,20.90,64.70,70.90,4,0,0
2018-01-07 16:41:23.0,19.60,20.90,64.70,70.70,4,0,0
2018-01-07 16:41:34.0,19.60,20.90,64.70,70.70,4,0,0
2018-01-07 16:41:44.0,19.60,20.90,64.70,70.70,4,0,0
2018-01-07 16:41:56.0,19.60,20.90,64.70,70.70,4,0,0
2018-01-07 16:42:07.0,19.60,20.90,64.70,70.50,4,0,0
2018-01-07 16:42:18.0,19.60,20.90,64.60,70.50,4,0,0
2018-01-07 16:42:28.0,19.60,20.90,64.60,70.70,4,0,0
2018-01-07 16:42:39.0,19.60,20.90,64.60,71.00,4,0,0
2018-01-07 16:42:50.0,19.60,20.90,64.70,70.60,4,0,0
2018-01-07 16:43:00.0,19.60,20.90,64.70,70.80,4,0,0
2018-01-07 16:43:11.0,19.60,20.90,64.70,71.00,4,0,0
2018-01-07 16:43:22.0,19.60,20.90,64.70,71.00,4,0,0
2018-01-07 16:43:33.0,19.60,20.90,64.70,71.20,4,0,0
2018-01-07 16:43:43.0,19.60,20.90,64.70,71.50,4,0,0
2018-01-07 16:43:54.0,19.60,20.90,64.70,71.70,4,0,0
2018-01-07 16:44:05.0,19.60,20.90,64.70,72.00,4,0,0
2018-01-07 16:44:15.0,19.60,20.90,64.70,72.00,4,0,0
2018-01-07 16:44:26.0,19.60,20.90,64.70,72.30,4,0,0
2018-01-07 16:44:37.0,19.70,20.90,64.70,72.50,4,0,0
2018-01-07 16:44:47.0,19.60,20.90,64.70,72.70,4,0,0
2018-01-07 16:44:58.0,19.70,20.90,64.70,72.70,4,0,0
2018-01-07 16:45:09.0,19.70,20.90,64.80,72.60,4,0,1
2018-01-07 16:45:19.0,19.70,20.90,64.80,72.60,4,0,1
2018-01-07 16:45:30.0,19.70,20.90,64.80,73.00,4,0,1
2018-01-07 16:45:41.0,19.70,20.90,64.80,73.40,4,0,1
2018-01-07 16:45:51.0,19.70,20.90,64.80,73.70,4,0,1
2018-01-07 16:46:02.0,19.70,20.90,64.80,73.90,4,0,1
2018-01-07 16:46:13.0,19.70,20.90,64.80,74.20,4,0,1
2018-01-07 16:46:24.0,19.70,20.90,64.80,74.40,4,0,1
2018-01-07 16:46:34.0,19.70,20.90,64.80,74.60,4,0,1
2018-01-07 16:46:45.0,19.70,20.90,64.80,74.70,4,0,1
2018-01-07 16:46:56.0,19.70,20.90,64.80,74.90,4,0,1
2018-01-07 16:47:06.0,19.70,20.90,64.80,75.50,4,0,1
2018-01-07 16:47:17.0,19.70,20.90,64.80,75.80,4,0,1
2018-01-07 16:47:28.0,19.70,20.90,64.80,76.30,4,0,1
2018-01-07 16:47:38.0,19.70,20.90,64.80,76.60,4,0,1
2018-01-07 16:47:49.0,19.70,20.90,64.80,76.90,4,0,1
2018-01-07 16:48:00.0,19.70,20.90,64.80,77.10,4,0,1
2018-01-07 16:48:11.0,19.70,20.90,64.80,77.60,4,0,1
2018-01-07 16:48:21.0,19.70,20.90,64.80,77.90,4,0,1
2018-01-07 16:48:32.0,19.70,20.90,64.80,77.90,4,0,1
2018-01-07 16:48:43.0,19.70,20.90,64.80,78.10,4,0,1
2018-01-07 16:48:53.0,19.70,20.90,64.80,78.60,4,0,1
2018-01-07 16:49:04.0,19.70,20.90,64.80,78.80,4,0,1
2018-01-07 16:49:14.0,19.70,20.90,64.80,79.20,4,0,1
2018-01-07 16:49:25.0,19.70,20.90,64.80,79.40,4,0,1
2018-01-07 16:49:36.0,19.70,20.90,64.80,79.70,4,0,1
2018-01-07 16:49:46.0,19.70,20.90,64.80,80.00,4,0,1
2018-01-07 16:49:57.0,19.70,20.90,64.80,80.30,4,0,1
2018-01-07 16:50:08.0,19.70,20.90,64.70,80.70,4,0,0
2018-01-07 16:50:18.0,19.70,20.90,64.70,81.20,4,0,0
2018-01-07 16:50:29.0,19.70,20.90,64.80,81.70,4,0,0
2018-01-07 16:50:39.0,19.70,20.90,64.80,82.10,4,0,0
2018-01-07 16:50:50.0,19.70,20.90,64.80,82.40,4,0,0
2018-01-07 16:51:01.0,19.70,20.90,64.80,82.90,4,0,0
2018-01-07 16:51:11.0,19.70,20.90,64.80,83.10,4,0,0
2018-01-07 16:51:22.0,19.70,20.90,64.80,83.40,4,0,0
2018-01-07 16:51:33.0,19.70,20.90,64.80,83.70,4,0,0
2018-01-07 16:51:43.0,19.70,20.90,64.70,84.10,4,0,0
2018-01-07 16:51:54.0,19.70,20.90,64.70,84.50,4,0,0
2018-01-07 16:52:05.0,19.70,20.90,64.70,85.00,4,0,0
2018-01-07 16:52:16.0,19.70,20.90,64.70,84.90,4,0,0
2018-01-07 16:52:27.0,19.80,20.90,64.70,85.10,4,0,0
2018-01-07 16:52:38.0,19.70,20.90,64.70,85.40,4,0,0
2018-01-07 16:52:48.0,19.80,20.90,64.70,85.30,4,0,0
2018-01-07 16:52:59.0,19.80,20.90,64.70,85.70,4,0,0
2018-01-07 16:53:10.0,19.80,20.90,64.70,85.80,4,0,0
2018-01-07 16:53:21.0,19.80,20.90,64.70,85.90,4,0,0
2018-01-07 16:53:32.0,19.80,20.90,64.60,86.30,4,0,0
2018-01-07 16:53:43.0,19.80,20.90,64.60,86.70,4,0,0
2018-01-07 16:53:53.0,19.80,20.90,64.60,87.40,4,0,0
2018-01-07 16:54:04.0,19.80,20.90,64.60,87.40,4,0,0
2018-01-07 16:54:15.0,19.80,20.90,64.60,87.90,4,0,0
2018-01-07 16:54:26.0,19.80,20.90,64.60,88.30,4,0,0
2018-01-07 16:54:37.0,19.80,20.90,64.60,88.50,4,0,0
2018-01-07 16:54:48.0,19.80,20.90,64.60,89.10,4,0,0
2018-01-07 16:54:58.0,19.80,20.90,64.60,89.30,4,0,0
2018-01-07 16:55:09.0,19.80,20.90,64.60,89.50,4,1,0
2018-01-07 16:55:20.0,19.80,20.90,64.50,89.80,4,1,0
2018-01-07 16:55:31.0,19.80,20.90,64.50,90.10,4,1,0
2018-01-07 16:55:42.0,19.80,20.90,64.50,90.50,4,1,0
2018-01-07 16:55:53.0,19.80,20.90,64.50,90.80,4,1,0
2018-01-07 16:56:04.0,19.80,20.90,64.50,91.10,4,1,0
2018-01-07 16:56:14.0,19.80,20.90,64.50,91.10,4,1,0
2018-01-07 16:56:25.0,19.80,20.90,64.40,91.20,4,1,0
2018-01-07 16:56:36.0,19.80,20.90,64.40,91.40,4,1,0
2018-01-07 16:56:47.0,19.80,20.90,64.30,91.40,4,1,0
2018-01-07 16:56:58.0,19.80,20.90,64.30,91.30,4,1,0
2018-01-07 16:57:09.0,19.80,20.90,64.20,90.90,4,1,0
2018-01-07 16:57:20.0,19.80,20.90,64.10,90.50,4,1,0
2018-01-07 16:57:31.0,19.80,20.90,64.10,90.20,4,1,0
2018-01-07 16:57:42.0,19.80,20.90,64.10,90.00,4,1,0
2018-01-07 16:57:52.0,19.80,20.90,64.00,89.70,4,1,0
2018-01-07 16:58:03.0,19.80,20.90,64.00,89.40,4,1,0
2018-01-07 16:58:14.0,19.80,20.90,64.00,88.90,4,1,0
2018-01-07 16:58:25.0,19.80,20.90,64.00,88.30,4,1,0
2018-01-07 16:58:35.0,19.80,20.90,63.90,87.90,4,1,0
2018-01-07 16:58:46.0,19.80,20.90,64.00,87.70,4,1,0
2018-01-07 16:58:57.0,19.80,20.90,63.90,87.30,4,1,0
2018-01-07 16:59:08.0,19.80,20.90,63.90,87.10,4,1,0
2018-01-07 16:59:18.0,19.80,20.90,63.90,86.70,4,1,0
2018-01-07 16:59:29.0,19.80,20.90,63.90,86.30,4,1,0
2018-01-07 16:59:40.0,19.80,20.90,63.90,86.00,4,1,0
2018-01-07 16:59:51.0,19.80,20.90,63.90,85.50,4,1,0
2018-01-07 17:00:02.0,19.90,20.90,63.80,85.30,4,1,1
2018-01-07 17:00:13.0,19.80,20.90,63.80,84.70,4,1,1
2018-01-07 17:00:23.0,19.80,20.90,63.70,84.10,4,1,1
2018-01-07 17:00:34.0,19.80,20.90,63.80,84.10,4,1,1
2018-01-07 17:00:45.0,19.80,20.90,63.80,84.10,4,1,1
2018-01-07 17:01:01.0,19.90,20.90,63.80,83.40,4,1,1
2018-01-07 17:01:11.0,19.80,20.90,63.80,83.20,4,1,1
2018-01-07 17:01:21.0,19.80,20.90,63.80,83.10,4,1,1
2018-01-07 17:01:32.0,19.90,20.90,63.90,82.90,4,1,1
2018-01-07 17:01:43.0,19.80,20.90,64.00,83.00,4,1,1
2018-01-07 17:01:54.0,19.80,20.90,64.00,83.20,4,1,1
2018-01-07 17:02:05.0,19.80,20.90,64.00,83.00,4,1,1
2018-01-07 17:02:16.0,19.80,20.90,63.90,82.90,4,1,1
2018-01-07 17:02:26.0,19.80,20.90,63.90,82.70,4,1,1
2018-01-07 17:02:37.0,19.90,20.90,63.90,82.70,4,1,1
2018-01-07 17:02:48.0,19.90,20.90,64.00,82.80,4,1,1
2018-01-07 17:02:59.0,19.90,20.90,63.90,82.90,4,1,1
2018-01-07 17:03:10.0,19.90,20.90,63.90,83.00,4,1,1
2018-01-07 17:03:21.0,19.90,20.90,63.90,83.20,4,1,1
2018-01-07 17:03:31.0,19.90,20.90,63.90,83.20,4,1,1
2018-01-07 17:03:42.0,19.90,20.90,63.90,83.10,4,1,1
2018-01-07 17:03:53.0,19.90,20.90,63.90,83.10,4,1,1
2018-01-07 17:04:04.0,19.90,20.90,63.90,83.40,4,1,1
2018-01-07 17:04:15.0,19.90,20.90,63.90,83.40,4,1,1
2018-01-07 17:04:25.0,19.90,20.90,63.90,83.50,4,1,1
2018-01-07 17:04:37.0,19.90,20.90,63.90,83.90,4,1,1
2018-01-07 17:04:47.0,19.90,20.90,63.90,83.70,4,1,1
2018-01-07 17:04:58.0,19.90,20.90,63.90,83.60,4,1,1
2018-01-07 17:05:09.0,19.90,20.90,63.90,83.40,4,1,1
2018-01-07 17:05:20.0,19.90,20.90,63.90,83.20,4,1,1
2018-01-07 17:05:31.0,19.90,20.90,63.80,83.40,4,1,1
2018-01-07 17:05:42.0,19.90,20.90,63.80,83.50,4,1,1
2018-01-07 17:05:52.0,19.90,20.90,63.80,83.60,4,1,1
2018-01-07 17:06:03.0,19.90,20.90,63.80,83.50,4,1,1
2018-01-07 17:06:14.0,19.90,20.90,63.80,83.50,4,1,1
2018-01-07 17:06:25.0,19.90,20.90,63.80,83.60,4,1,1
2018-01-07 17:06:36.0,19.90,20.90,63.80,83.60,4,1,1
2018-01-07 17:06:47.0,19.90,20.90,63.80,83.60,4,1,1
2018-01-07 17:06:58.0,19.90,20.90,63.80,83.60,4,1,1
2018-01-07 17:07:08.0,19.90,20.90,63.80,83.40,4,1,1
2018-01-07 17:07:19.0,19.90,20.90,63.70,83.50,4,1,1
2018-01-07 17:07:30.0,19.90,20.90,63.70,83.70,4,1,1
2018-01-07 17:07:41.0,19.90,20.90,63.70,83.70,4,1,1
2018-01-07 17:07:52.0,19.90,20.90,63.70,83.80,4,1,1
2018-01-07 17:08:03.0,19.90,20.90,63.70,83.70,4,1,1
2018-01-07 17:08:13.0,19.90,20.90,63.60,83.70,4,1,1
2018-01-07 17:08:24.0,19.90,20.90,63.60,83.40,4,1,1
